index,equity
0,1000000.00
1,1000000.00
2,1000000.00
3,1000000.00
4,1000000.00
5,1000000.00
6,1000000.00
7,1000000.00
8,1000000.00
9,1000000.00
10,1000000.00
11,1000000.00
12,1000000.00
13,1000000.00
14,1000000.00
15,1000000.00
16,1000000.00
17,1000000.00
18,1000000.00
19,1000000.00
20,1000000.00
21,1000000.00
22,1000000.00
23,1000000.00
24,1000000.00
25,1000000.00
26,1000000.00
27,1000000.00
28,1000000.00
29,1000000.00
30,1000000.00
31,1000000.00
32,1000000.00
33,1000000.00
34,995763.25
35,985340.12
36,987812.77
37,992570.03
38,992118.92
39,994426.94
40,976350.14
41,979330.39
42,975890.15
43,970112.03
44,970649.49
45,971245.06
46,972717.83
47,973275.47
48,976938.36
49,978981.77
50,980122.06
51,974346.28
52,972526.57
53,970625.28
54,968874.90
55,942156.74
56,944309.82
57,941832.33
58,939655.04
59,932866.56
60,931722.23
61,934976.06
62,933975.38
63,933577.44
64,928258.59
65,945906.87
66,946166.72
67,954175.39
68,957915.03
69,960352.98
70,962135.64
71,964693.75
72,971392.74
73,967417.38
74,966520.07
75,957419.53
76,955546.49
77,971878.55
78,970327.42
79,983094.24
80,980641.76
81,975982.15
82,969746.46
83,964310.51
84,974261.54
85,975188.06
86,968159.09
87,963854.55
88,972643.59
89,968038.85
90,971253.13
91,974022.75
92,965587.99
93,970253.25
94,959880.08
95,963784.34
96,951891.58
97,952568.66
98,968646.52
99,978185.26
100,972516.89
101,956213.87
102,951063.60
103,951492.92
104,959434.61
105,964970.63
106,960949.35
107,956085.56
108,959014.16
109,960653.18
110,955682.87
111,962625.49
112,979779.08
113,985739.58
114,987915.26
115,988005.64
116,988275.10
117,976365.47
118,976834.34
119,973539.28
120,973546.62
121,971948.68
122,974264.85
123,959367.63
124,958673.61
125,959730.78
126,960965.49
127,961683.72
128,959975.30
129,963660.87
130,957133.05
131,950805.36
132,945948.03
133,945576.00
134,947456.31
135,950426.88
136,957721.35
137,953963.15
138,953799.25
139,955881.39
140,957431.64
141,954358.58
142,956632.71
143,969150.89
144,968631.99
145,967937.97
146,957304.94
147,951596.22
148,948928.28
149,948144.68
150,948812.88
151,957108.03
152,951864.95
153,946109.35
154,943158.23
155,941267.35
156,943494.67
157,947110.91
158,944174.24
159,932077.31
160,933866.43
161,934885.67
162,938872.25
163,938490.54
164,933699.38
165,933385.46
166,926854.41
167,924062.19
168,915694.40
169,914025.53
170,887564.00
171,887754.45
172,883315.95
173,880749.69
174,886942.53
175,885922.56
176,883469.28
177,884787.11
178,886086.38
179,879227.69
180,884279.51
181,882600.14
182,875407.35
183,876588.80
184,875966.60
185,879458.49
186,882380.64
187,881463.08
188,892741.71
189,895058.53
190,907487.21
191,899668.11
192,899254.20
193,899636.72
194,901804.32
195,902299.01
196,915332.87
197,933011.82
198,936572.30
199,938878.71
200,931405.00
201,925313.04
202,907760.79
203,909745.20
204,914742.95
205,914208.72
206,916144.71
207,919833.51
208,914757.48
209,908817.96
210,904978.25
211,904717.59
212,904743.41
213,906438.92
214,894391.22
215,897536.90
216,893906.21
217,891950.85
218,895421.76
219,892227.65
220,904032.45
221,913054.71
222,919100.75
223,918219.51
224,914136.09
225,907817.28
226,913910.13
227,928299.74
228,925039.46
229,925831.94
230,914103.81
231,908946.27
232,900336.39
233,899126.69
234,918808.62
235,917775.66
236,916879.00
237,925580.96
238,924481.83
239,921005.27
240,932244.36
241,932986.80
242,937823.15
243,942665.15
244,956893.37
245,953979.29
246,949943.48
247,950590.70
248,943858.70
249,950474.49
250,941194.80
251,940954.31
252,939888.26
253,939790.62
254,939524.31
255,941567.63
256,935532.08
257,926219.30
258,921852.54
259,920851.86
260,914831.72
261,904177.71
262,896052.83
263,892436.66
264,879582.77
265,879975.78
266,882299.13
267,880097.63
268,877386.92
269,875126.51
270,874772.24
271,879378.60
272,874891.60
273,863245.86
274,865263.36
275,873576.27
276,870011.75
277,868550.27
278,863877.74
279,868136.28
280,864473.31
281,865352.94
282,853772.49
283,853523.12
284,859218.93
285,863779.29
286,851022.23
287,858397.40
288,876676.76
289,874463.97
290,864715.41
291,868710.06
292,865700.75
293,865425.57
294,867267.14
295,865586.97
296,857000.49
297,856775.33
298,863424.21
299,850003.80
300,860504.48
301,859986.39
302,869784.17
303,866702.24
304,865248.83
305,868574.48
306,868556.73
307,862455.81
308,863036.85
309,857267.60
310,856525.97
311,858283.62
312,866289.06
313,870044.03
314,882090.12
315,895527.47
316,891348.02
317,893438.96
318,884616.83
319,877167.42
320,884005.13
321,869413.76
322,878710.40
323,880292.93
324,878806.43
325,878240.73
326,887594.66
327,888602.53
328,886046.84
329,886320.41
330,895181.27
331,903832.31
332,908019.03
333,899530.19
334,902533.04
335,902232.03
336,910869.35
337,910166.45
338,921948.65
339,932842.35
340,947290.07
341,940379.73
342,961523.93
343,960064.07
344,967665.20
345,1001292.89
346,999018.77
347,995756.07
348,975137.94
349,970830.26
350,974396.39
351,993851.55
352,989641.43
353,989357.36
354,975888.53
355,993248.72
356,988461.51
357,995901.33
358,986888.75
359,985936.49
360,1001348.58
361,994739.17
362,1001801.30
363,1017126.23
364,1016400.74
365,1020232.38
366,1023477.32
367,1019684.42
368,1011936.42
369,1026133.16
370,1009461.35
371,1011387.66
372,997951.03
373,995296.08
374,1016215.13
375,1016391.06
376,1013008.92
377,1011662.04
378,1003971.33
379,1007812.65
380,986540.13
381,982473.65
382,979825.89
383,987024.33
384,1000267.20
385,990406.46
386,994370.45
387,986104.35
388,985240.78
389,981011.37
390,993665.94
391,989091.05
392,999936.33
393,1000315.62
394,1004804.96
395,1014946.53
396,1012478.72
397,1001848.92
398,992455.44
399,995747.19
400,998725.83
401,992455.44
402,1008829.47
403,1005310.95
404,1008474.39
405,994520.55
406,995150.82
407,999446.48
408,1003261.97
409,1005480.42
410,1021661.57
411,1043150.37
412,1045371.23
413,1041206.31
414,1038874.88
415,1035533.10
416,1031239.05
417,1039026.60
418,1037857.26
419,1019167.14
420,1021111.20
421,1031410.13
422,1022660.64
423,1027269.42
424,1028326.59
425,1029401.51
426,1032845.79
427,1017544.18
428,1014576.92
429,1010410.38
430,1010783.21
431,1008700.35
432,989195.96
433,988953.86
434,986596.62
435,978671.88
436,974919.33
437,976751.94
438,982263.03
439,979672.56
440,975177.57
441,1004180.34
442,1007602.83
443,1004950.22
444,1004198.01
445,1021079.73
446,1021806.83
447,1027575.27
448,1031408.52
449,1035428.99
450,1036897.73
451,1044361.60
452,1034936.72
453,1047525.12
454,1040827.82
455,1039721.35
456,1024437.65
457,1019336.53
458,1023066.56
459,1061947.01
460,1075858.89
461,1069316.46
462,1060735.71
463,1062340.75
464,1067023.04
465,1082187.38
466,1084001.52
467,1089433.43
468,1099972.05
469,1102982.16
470,1098658.25
471,1102577.85
472,1105855.08
473,1093257.00
474,1076762.73
475,1086179.61
476,1077981.30
477,1079054.53
478,1075883.10
479,1072726.92
480,1076019.48
481,1059806.85
482,1075553.03
483,1066997.22
484,1068217.40
485,1062430.41
486,1064851.41
487,1081468.26
488,1078538.13
489,1089907.95
490,1089069.48
491,1092040.04
492,1100351.34
493,1094790.30
494,1098019.03
495,1077843.30
496,1076504.49
497,1078513.92
498,1083218.73
499,1087826.70
500,1081241.58
501,1077996.63
502,1080951.06
503,1082612.67
504,1088059.92
505,1091602.65
506,1089932.97
507,1082500.42
508,1079660.66
509,1079885.82
510,1080086.68
511,1070411.64
512,1067295.81
513,1066126.47
514,1066141.80
515,1068659.64
516,1059323.46
517,1057243.01
518,1061065.77
519,1069353.66
520,1067756.53
521,1071468.00
522,1089053.34
523,1085171.67
524,1079529.93
525,1071694.77
526,1073245.01
527,1073454.83
528,1066408.11
529,1067877.66
530,1063125.23
531,1057466.55
532,1058330.85
533,1060726.75
534,1062319.04
535,1076311.61
536,1079433.90
537,1079409.69
538,1080402.30
539,1079683.18
540,1070849.84
541,1068418.35
542,1067322.36
543,1061598.39
544,1062126.17
545,1059041.01
546,1023775.03
547,1024607.12
548,1013937.78
549,1014115.32
550,1017109.29
551,1016002.89
552,1012775.70
553,1012339.11
554,1014814.99
555,1009571.91
556,1011574.07
557,1013807.85
558,1020137.15
559,1025276.93
560,1021248.39
561,1021975.42
562,1022184.43
563,1019967.68
564,1028804.33
565,1022467.77
566,1024891.19
567,1028801.91
568,1032280.89
569,1030199.63
570,1039568.10
571,1048219.14
572,1051116.27
573,1052367.12
574,1040802.81
575,1035315.21
576,1027965.05
577,1030280.33
578,1017854.15
579,989762.48
580,992721.67
581,987857.96
582,990566.25
583,990372.57
584,980681.31
585,974493.96
586,973807.28
587,981764.30
588,979147.20
589,960376.38
590,957546.23
591,955703.85
592,958078.85
593,964446.89
594,959734.01
595,946479.84
596,947297.33
597,949743.35
598,952807.53
599,944672.16
600,944029.71
601,948507.83
602,945054.68
603,935657.97
604,935265.77
605,938919.06
606,935359.38
607,922666.08
608,910740.23
609,915412.76
610,916952.52
611,919237.86
612,913909.32
613,913032.11
614,911281.73
615,914476.64
616,914976.98
617,919731.02
618,922238.37
619,936699.00
620,928696.71
621,928736.33
622,934181.97
623,941210.13
624,953278.01
625,946326.43
626,947684.61
627,954671.70
628,957576.90
629,963518.84
630,965810.72
631,966106.00
632,971513.79
633,971306.39
634,980982.32
635,971241.02
636,971667.12
637,976549.47
638,981223.61
639,982811.79
640,976139.51
641,969560.04
642,959295.00
643,960796.02
644,964034.51
645,966026.19
646,978148.86
647,976581.67
648,980575.59
649,984562.17
650,985611.27
651,995653.58
652,994593.99
653,1000890.20
654,990157.10
655,995311.41
656,993148.65
657,989899.67
658,991712.19
659,995379.20
660,999825.77
661,996013.50
662,997982.50
663,998662.88
664,996879.41
665,998453.06
666,1008556.70
667,1014332.40
668,1013842.55
669,1011830.70
670,1005875.04
671,1006845.86
672,997249.02
673,996239.46
674,998458.71
675,989751.18
676,981789.32
677,975548.79
678,968591.64
679,971935.85
680,973587.78
681,970560.72
682,969068.58
683,985258.61
684,990019.91
685,991817.10
686,994022.63
687,996705.91
688,1005902.48
689,1005937.18
690,1005552.24
691,1003067.49
692,1011467.55
693,1011557.13
694,1009258.79
695,1011228.68
696,1004021.36
697,1007819.91
698,1007715.00
699,1013593.19
700,1013632.73
701,1015785.00
702,1010380.52
703,1012178.52
704,1013205.83
705,1013915.18
706,1030189.95
707,1039155.72
708,1038518.19
709,1045130.75
710,1035753.41
711,1040739.86
712,1033025.75
713,1034099.06
714,1036922.75
715,1028659.07
716,1031297.96
717,1020112.86
718,1023236.03
719,1020425.25
720,1022677.59
721,1025447.21
722,1014543.03
723,1014407.45
724,999623.21
725,991690.40
726,990432.21
727,996750.29
728,991198.94
729,987685.18
730,983085.36
731,988922.39
732,990940.70
733,992770.17
734,994136.42
735,1003777.65
736,1017447.42
737,1007919.17
738,1013358.35
739,1014755.27
740,1019694.03
741,1009945.55
742,1015457.28
743,1013334.14
744,1022454.05
745,1023905.84
746,1022704.22
747,1019129.21
748,1024201.93
749,1020992.57
750,1031981.49
751,1033248.48
752,1033717.35
753,1044379.43
754,1037042.19
755,1033267.85
756,1022324.93
757,1023470.87
758,1021404.14
759,1023080.28
760,1019932.98
761,1012236.54
762,1011760.49
763,1012879.80
764,1004110.13
765,1005003.48
766,1008266.99
767,1010329.68
768,1013988.62
769,1015085.33
770,1003569.36
771,1008554.28
772,1008831.89
773,1006278.54
774,1001406.68
775,1002509.85
776,987656.21
777,990294.29
778,990203.91
779,987163.94
780,978681.56
781,979553.93
782,979808.94
783,983206.41
784,983119.25
785,982981.26
786,991795.31
787,993627.20
788,995306.57
789,1003223.24
790,1002122.49
791,1004213.35
792,1012906.43
793,1014107.17
794,1012067.15
795,1006505.31
796,1017390.93
797,1017245.67
798,1024318.22
799,1025452.86
800,1023252.17
801,1023365.96
802,1019658.60
803,1024581.30
804,1015659.03
805,1015053.78
806,1015295.96
807,1018835.46
808,1029958.34
809,1038674.75
810,1040019.21
811,1040465.48
812,1032646.46
813,1027650.32
814,1035728.39
815,1040191.10
816,1036188.38
817,1036162.56
818,1042738.80
819,1035935.79
820,1041845.45
821,1038695.73
822,1041967.31
823,1043491.73
824,1063569.89
825,1056661.97
826,1055298.95
827,1066617.93
828,1068589.43
829,1078572.02
830,1076010.60
831,1083042.80
832,1076449.61
833,1088907.27
834,1086666.23
835,1079960.87
836,1071422.00
837,1074424.85
838,1067433.00
839,1076861.99
840,1065346.10
841,1062609.56
842,1056635.34
843,1058208.99
844,1048648.46
845,1042967.18
846,1047179.72
847,1043064.02
848,1056201.98
849,1044033.23
850,1036188.38
851,1038949.13
852,1032146.12
853,1031634.48
854,1026166.25
855,1027253.28
856,1028479.92
857,1024519.97
858,1030338.44
859,1030603.86
860,1035912.39
861,1041086.79
862,1043339.21
863,1044585.22
864,1052328.38
865,1052907.81
866,1045436.60
867,1038142.13
868,1033597.91
869,1041483.03
870,1033404.23
871,1029273.20
872,1035478.22
873,1029877.64
874,1032748.95
875,1022937.36
876,1028344.34
877,1027183.07
878,1031037.30
879,1025235.78
880,1029616.98
881,1031464.93
882,1025052.59
883,1025679.63
884,1033339.67
885,1031403.68
886,1034824.55
887,1038196.20
888,1029562.10
889,1029458.81
890,1031573.15
891,1034057.90
892,1032837.72
893,1032707.79
894,1044710.30
895,1044266.45
896,1032774.77
897,1034889.11
898,1042118.22
899,1042464.42
900,1040172.54
901,1039296.14
902,1045022.61
903,1044602.97
904,1036645.95
905,1029237.69
906,1033517.21
907,1028368.55
908,1030507.91
909,1022216.79
910,1020468.02
911,1006749.02
912,1007830.40
913,1007928.05
914,1003332.99
915,1003785.72
916,1012347.99
917,1011963.05
918,1013157.41
919,1012267.29
920,1018359.25
921,1018586.10
922,1022372.54
923,1022800.25
924,1029119.87
925,1028167.53
926,1035018.23
927,1039497.89
928,1044711.03
929,1051610.96
930,1054910.78
931,1065805.28
932,1058462.39
933,1066354.85
934,1065006.35
935,1065256.52
936,1064005.67
937,1057832.93
938,1063796.66
939,1067852.64
940,1079783.33
941,1079282.99
942,1082984.70
943,1082349.59
944,1072495.31
945,1072025.64
946,1074997.01
947,1077547.13
948,1076239.79
949,1083242.13
950,1094777.39
951,1087190.78
952,1089197.79
953,1090757.72
954,1082757.93
955,1080557.24
956,1085989.16
957,1088714.40
958,1075801.59
959,1075763.66
960,1082136.54
961,1069951.65
962,1064861.09
963,1067266.76
964,1062155.22
965,1062625.70
966,1067650.89
967,1075134.20
968,1092885.78
969,1092999.57
970,1087325.55
971,1088245.53
972,1086059.37
973,1073617.85
974,1071091.13
975,1074101.24
976,1072476.75
977,1071309.83
978,1075457.00
979,1063602.98
980,1063495.65
981,1063204.32
982,1067537.91
983,1068114.03
984,1066362.11
985,1081022.88
986,1069259.24
987,1066384.71
988,1067982.57
989,1068118.95
990,1069606.25
991,1070758.65
992,1069829.79
993,1062252.87
994,1060859.18
995,1060083.65
996,1063236.60
997,1057563.39
998,1075319.81
999,1075866.15
1000,1087408.67
1001,1088455.35
1002,1092136.08
1003,1086134.42
1004,1070881.31
1005,1069727.30
1006,1070959.59
1007,1083035.46
1008,1076261.50
1009,1076482.70
1010,1074421.62
1011,1076118.74
1012,1075699.10
1013,1078895.63
1014,1083202.59
1015,1092183.69
1016,1079949.57
1017,1086004.49
1018,1084842.41
1019,1088285.88
1020,1086795.35
1021,1090281.59
1022,1085302.40
1023,1077854.60
1024,1076035.62
1025,1069265.70
1026,1075010.73
1027,1067756.53
1028,1063963.71
1029,1068231.93
1030,1068307.71
1031,1061655.69
1032,1053951.26
1033,1054206.27
1034,1059815.73
1035,1061447.48
1036,1061324.82
1037,1062231.08
1038,1062672.51
1039,1059508.18
1040,1066523.51
1041,1063947.57
1042,1065706.83
1043,1060589.64
1044,1043715.27
1045,1042828.38
1046,1041003.75
1047,1043739.48
1048,1042346.60
1049,1043394.89
1050,1044209.96
1051,1045396.25
1052,1052998.11
1053,1050583.65
1054,1048493.52
1055,1047872.13
1056,1051163.88
1057,1051527.84
1058,1048960.77
1059,1043693.48
1060,1043618.43
1061,1042666.98
1062,1046994.11
1063,1047299.16
1064,1047244.28
1065,1048234.47
1066,1048786.46
1067,1047992.37
1068,1045821.54
1069,1048945.44
1070,1051368.78
1071,1032998.31
1072,1034088.57
1073,1034386.35
1074,1029278.85
1075,1024799.92
1076,1023090.77
1077,1024535.30
1078,1026001.62
1079,1022047.32
1080,1015728.43
1081,1011478.04
1082,1007949.84
1083,1011185.91
1084,1011807.30
1085,1002776.16
1086,1013163.06
1087,1014719.68
1088,1015028.84
1089,1012992.78
1090,1014283.98
1091,1015882.65
1092,1013912.68
1093,1003228.00
1094,1005842.68
1095,1002236.28
1096,1001969.16
1097,1001625.38
1098,990704.17
1099,990843.78
1100,987709.47
1101,994256.66
1102,995306.57
1103,988323.60
1104,989074.03
1105,995465.55
1106,988217.88
1107,987096.96
1108,986911.35
1109,986943.63
1110,988072.62
1111,983157.99
1112,975547.98
1113,979461.93
1114,980777.34
1115,975815.10
1116,978784.78
1117,979480.49
1118,978550.02
1119,977662.32
1120,978762.26
1121,962966.85
1122,963846.48
1123,947601.57
1124,948860.49
1125,956430.15
1126,955526.31
1127,961661.93
1128,965559.74
1129,964790.67
1130,956284.89
1131,973307.75
1132,975024.24
1133,977656.67
1134,970923.87
1135,974580.39
1136,968680.41
1137,969389.76
1138,968059.02
1139,969392.99
1140,962330.13
1141,966428.88
1142,969689.97
1143,965267.53
1144,965663.04
1145,964758.39
1146,966364.32
1147,973799.21
1148,970488.09
1149,963346.95
1150,963426.84
1151,967486.78
1152,968390.70
1153,971967.32
1154,974733.72
1155,968365.68
1156,967130.97
1157,968237.37
1158,969769.86
1159,965920.47
1160,955510.98
1161,962146.94
1162,961425.48
1163,959909.13
1164,973256.10
1165,967106.68
1166,968075.16
1167,970966.64
1168,971819.64
1169,961259.24
1170,960602.34
1171,963841.64
1172,985934.07
1173,983133.78
1174,984304.74
1175,990397.59
1176,988887.69
1177,986693.46
1178,989614.80
1179,989761.67
1180,990808.35
1181,986798.37
1182,993738.57
1183,997224.81
1184,994369.64
1185,995694.74
1186,995202.47
1187,992992.09
1188,986954.93
1189,981682.79
1190,995351.68
1191,995123.38
1192,996253.18
1193,993810.39
1194,991244.13
1195,989781.04
1196,987354.39
1197,976570.45
1198,977401.66
1199,970614.79
1200,971211.89
1201,977605.75
1202,980010.69
1203,985810.60
1204,986926.68
1205,988217.88
1206,986214.10
1207,989522.80
1208,990854.35
1209,987263.20
1210,988425.28
1211,987029.17
1212,980430.25
1213,985721.83
1214,988347.00
1215,986569.18
1216,986555.46
1217,993915.30
1218,1000013.80
1219,999626.44
1220,998924.35
1221,1007696.44
1222,1008293.62
1223,1004355.46
1224,1003540.39
1225,1005988.02
1226,1003015.84
1227,999553.81
1228,998674.18
1229,1005753.99
1230,1008675.25
1231,1004355.46
1232,1018752.34
1233,1013531.05
1234,1016258.71
1235,1024425.55
1236,1022964.88
1237,1024530.46
1238,1029073.87
1239,1033802.89
1240,1033119.36
1241,1035118.30
1242,1034257.23
1243,1038047.71
1244,1045555.23
1245,1037345.62
1246,1036708.09
1247,1040468.71
1248,1037450.53
1249,1043747.55
1250,1039734.34
1251,1039145.23
1252,1039863.46
1253,1042561.18
1254,1041073.96
1255,1043753.20
1256,1043228.57
1257,1034375.86
1258,1035392.68
1259,1033044.31
1260,1036984.89
1261,1036336.87
1262,1034424.28
1263,1051863.55
1264,1049466.76
1265,1052543.85
1266,1058085.52
1267,1064939.37
1268,1066437.89
1269,1063427.86
1270,1063290.67
1271,1058919.15
1272,1061517.69
1273,1054792.96
1274,1057859.56
1275,1060748.62
1276,1060468.59
1277,1055704.87
1278,1057730.44
1279,1055583.82
1280,1059078.13
1281,1066470.25
1282,1066488.81
1283,1070773.98
1284,1081361.82
1285,1082222.89
1286,1070303.50
1287,1071998.20
1288,1071820.66
1289,1071651.19
1290,1073047.30
1291,1066510.60
1292,1060904.37
1293,1043890.39
1294,1045587.43
1295,1039024.18
1296,1039710.13
1297,1039080.67
1298,1038130.75
1299,1047925.39
1300,1046698.75
1301,1043462.68
1302,1051018.62
1303,1057030.77
1304,1046319.46
1305,1051008.13
1306,1049942.89
1307,1052253.25
1308,1054464.43
1309,1061894.56
1310,1056439.24
1311,1060046.53
1312,1058795.68
1313,1066650.21
1314,1062695.91
1315,1057028.35
1316,1042631.39
1317,1042946.20
1318,1042803.36
1319,1039268.70
1320,1042800.94
1321,1042841.29
1322,1043115.67
1323,1042381.30
1324,1042776.73
1325,1047836.62
1326,1053195.10
1327,1055965.53
1328,1043147.95
1329,1041567.84
1330,1041186.94
1331,1040073.28
1332,1030582.96
1333,1028638.09
1334,1029703.33
1335,1030695.94
1336,1028995.59
1337,1026378.49
1338,1029025.45
1339,1032191.31
1340,1037950.87
1341,1038031.57
1342,1033617.28
1343,1035860.74
1344,1030948.53
1345,1025832.15
1346,1032366.43
1347,1036702.44
1348,1035634.78
1349,1037210.85
1350,1034383.93
1351,1036339.29
1352,1037797.54
1353,1039104.88
1354,1050854.80
1355,1047072.39
1356,1046628.54
1357,1038001.71
1358,1031325.32
1359,1031462.59
1360,1031222.91
1361,1028979.45
1362,1028646.16
1363,1036643.53
1364,1037079.31
1365,1037119.66
1366,1037942.80
1367,1033256.55
1368,1033197.64
1369,1041786.54
1370,1053768.07
1371,1057052.56
1372,1069757.16
1373,1069900.00
1374,1074386.92
1375,1076439.12
1376,1082088.12
1377,1077727.82
1378,1073073.93
1379,1071844.87
1380,1076544.03
1381,1085340.25
1382,1082491.62
1383,1080570.96
1384,1081480.45
1385,1086128.77
1386,1096202.55
1387,1122728.64
1388,1129515.43
1389,1135689.06
1390,1150527.37
1391,1145001.84
1392,1138787.94
1393,1139108.32
1394,1137849.32
1395,1123729.32
1396,1118449.12
1397,1155393.58
1398,1145009.91
1399,1147027.41
1400,1129004.68
1401,1126656.31
1402,1125542.57
1403,1126325.44
1404,1147904.62
1405,1133340.69
1406,1142417.02
1407,1143234.43
1408,1142621.19
1409,1134341.37
1410,1150029.45
1411,1164787.06
1412,1150505.50
1413,1150357.82
1414,1149260.38
1415,1143893.83
1416,1150543.51
1417,1142287.82
1418,1144679.04
1419,1146387.46
1420,1149924.54
1421,1154998.07
1422,1139979.88
1423,1160940.09
1424,1162933.38
1425,1162140.10
1426,1189836.34
1427,1192120.07
1428,1212206.38
1429,1214240.02
1430,1208432.04
1431,1211463.94
1432,1220599.18
1433,1211528.50
1434,1224545.41
1435,1232303.10
1436,1220897.77
1437,1218404.14
1438,1207695.25
1439,1215813.67
1440,1212943.17
1441,1208833.12
1442,1232359.59
1443,1249024.14
1444,1233898.54
1445,1245987.32
1446,1242091.93
1447,1234027.66
1448,1227033.39
1449,1234344.81
1450,1232050.51
1451,1250452.53
1452,1252203.72
1453,1225723.63
1454,1216058.19
1455,1215571.57
1456,1207802.50
1457,1200343.48
1458,1205233.82
1459,1209123.64
1460,1201614.50
1461,1215775.74
1462,1209263.25
1463,1211488.07
1464,1203708.67
1465,1210552.03
1466,1224289.59
1467,1222471.42
1468,1227676.57
1469,1236418.80
1470,1216079.98
1471,1216314.01
1472,1208068.89
1473,1207800.16
1474,1189553.89
1475,1196029.26
1476,1210874.83
1477,1217510.79
1478,1214363.49
1479,1217371.18
1480,1204451.11
1481,1217895.73
1482,1220157.75
1483,1206032.83
1484,1201693.59
1485,1198414.75
1486,1203781.30
1487,1196268.13
1488,1202829.04
1489,1205080.57
1490,1202500.59
1491,1204033.89
1492,1198035.46
1493,1201822.71
1494,1204475.32
1495,1213056.96
1496,1214282.79
1497,1214062.48
1498,1204160.59
1499,1200585.58
1500,1207011.72
1501,1220754.93
1502,1222191.39
1503,1221272.94
1504,1216257.52
1505,1198285.63
1506,1202992.86
1507,1185575.38
1508,1177392.32
1509,1179417.89
1510,1175030.31
1511,1177233.42
1512,1181437.89
1513,1186037.79
1514,1184978.20
1515,1185900.60
1516,1188047.22
1517,1190312.39
1518,1190215.63
1519,1182688.74
1520,1180055.50
1521,1178949.91
1522,1173672.13
1523,1178960.40
1524,1176036.64
1525,1175350.69
1526,1181397.54
1527,1180023.14
1528,1180701.10
1529,1191982.96
1530,1191135.61
1531,1191458.41
1532,1178441.50
1533,1178530.27
1534,1179466.39
1535,1181677.57
1536,1190282.61
1537,1182670.18
1538,1191087.19
1539,1189943.67
1540,1190958.07
1541,1191167.89
1542,1191283.29
1543,1193451.70
1544,1192967.50
1545,1193492.05
1546,1199127.25
1547,1209640.12
1548,1210374.49
1549,1219880.95
1550,1219590.43
1551,1221761.26
1552,1222858.78
1553,1224545.41
1554,1225651.00
1555,1234078.50
1556,1252467.61
1557,1266695.02
1558,1262283.15
1559,1287523.69
1560,1257688.82
1561,1253379.52
1562,1260755.50
1563,1258611.30
1564,1247351.23
1565,1250837.39
1566,1256284.64
1567,1253008.30
1568,1256849.62
1569,1256857.69
1570,1260247.09
1571,1256510.68
1572,1260416.56
1573,1260029.20
1574,1268559.19
1575,1277605.66
1576,1276306.39
1577,1266081.70
1578,1273029.89
1579,1271488.60
1580,1282980.28
1581,1282996.42
1582,1274426.08
1583,1254487.53
1584,1256091.04
1585,1263951.14
1586,1267544.79
1587,1271214.14
1588,1268914.27
1589,1265000.32
1590,1267157.43
1591,1273234.14
1592,1278398.94
1593,1277777.55
1594,1278848.44
1595,1292244.64
1596,1299903.07
1597,1309377.25
1598,1326415.44
1599,1344425.26
1600,1335031.78
1601,1323695.85
1602,1326705.96
1603,1328446.66
1604,1279841.05
1605,1279324.57
1606,1285054.27
1607,1328513.64
1608,1321078.75
1609,1351714.89
1610,1350948.24
1611,1372357.95
1612,1345191.91
1613,1333772.86
1614,1326824.59
1615,1272725.73
1616,1234578.84
1617,1257263.61
1618,1216701.37
1619,1241212.38
1620,1209190.62
1621,1187700.21
1622,1209844.29
1623,1203934.63
1624,1264814.71
1625,1315889.74
1626,1299784.44
1627,1312373.64
1628,1312696.44
1629,1312898.19
1630,1304561.88
1631,1274355.87
1632,1284338.46
1633,1301662.33
1634,1305352.74
1635,1307055.43
1636,1340822.00
1637,1329804.84
1638,1329578.88
1639,1357888.44
1640,1360809.78
1641,1386020.46
1642,1392532.95
1643,1384785.75
1644,1384680.84
1645,1357767.39
1646,1352400.84
1647,1364925.48
1648,1362143.75
1649,1381622.31
1650,1395083.07
1651,1394647.29
1652,1392428.04
1653,1379887.26
1654,1376148.43
1655,1383169.33
1656,1362493.99
1657,1371341.13
1658,1371766.42
1659,1375131.61
1660,1375198.59
1661,1363946.59
1662,1383688.23
1663,1373431.26
1664,1377302.44
1665,1370499.43
1666,1374284.26
1667,1387013.07
1668,1398674.22
1669,1405888.80
1670,1419163.95
1671,1400253.52
1672,1409415.39
1673,1410566.98
1674,1393170.48
1675,1399448.94
1676,1396914.96
1677,1393816.08
1678,1382614.92
1679,1381121.97
1680,1389827.08
1681,1395451.87
1682,1404336.94
1683,1405896.87
1684,1393644.19
1685,1372656.54
1686,1382154.93
1687,1359994.71
1688,1357151.65
1689,1370025.72
1690,1382943.37
1691,1400882.98
1692,1393845.94
1693,1396285.50
1694,1398625.80
1695,1391685.60
1696,1393611.91
1697,1394499.61
1698,1390999.65
1699,1407212.28
1700,1411858.18
1701,1416968.91
1702,1427610.82
1703,1422260.41
1704,1425353.64
1705,1429509.69
1706,1429759.86
1707,1431212.46
1708,1439121.06
1709,1427258.16
1710,1433238.03
1711,1432673.13
1712,1433028.21
1713,1441493.64
1714,1448383.00
1715,1460286.25
1716,1456019.64
1717,1451452.02
1718,1452936.90
1719,1454776.86
1720,1460401.65
1721,1463435.97
1722,1451500.44
1723,1460458.14
1724,1460078.85
1725,1467366.06
1726,1487742.81
1727,1509432.55
1728,1522161.36
1729,1534581.09
1730,1544617.75
1731,1586081.41
1732,1578853.11
1733,1587278.19
1734,1579528.57
1735,1594678.38
1736,1599751.99
1737,1594331.37
1738,1639262.71
1739,1643727.84
1740,1670221.65
1741,1642073.49
1742,1636212.25
1743,1637078.16
1744,1540945.90
1745,1551237.57
1746,1579907.86
1747,1569201.39
1748,1559870.05
1749,1601261.08
1750,1618555.09
1751,1555942.38
1752,1576165.80
1753,1565666.73
1754,1561960.18
1755,1557570.10
1756,1557553.96
1757,1576690.35
1758,1556184.48
1759,1585688.40
1760,1592593.90
1761,1588375.71
1762,1592176.68
1763,1569661.38
1764,1556173.99
1765,1560566.49
1766,1561306.51
1767,1558282.68
1768,1557992.16
1769,1571856.42
1770,1569048.06
1771,1565109.90
1772,1568182.15
1773,1579789.23
1774,1577139.85
1775,1581871.29
1776,1571638.53
1777,1573817.43
1778,1572711.84
1779,1547428.53
1780,1537034.37
1781,1497233.13
1782,1507641.01
1783,1502220.39
1784,1503390.54
1785,1519530.54
1786,1531006.08
1787,1523630.10
1788,1536267.72
1789,1532781.48
1790,1536047.41
1791,1543980.22
1792,1517510.62
1793,1523097.48
1794,1529852.07
1795,1557596.73
1796,1557096.39
1797,1553882.11
1798,1528308.28
1799,1532246.44
1800,1538785.56
1801,1532862.18
1802,1534250.22
1803,1536055.48
1804,1542312.15
1805,1550850.21
1806,1537663.83
1807,1534710.21
1808,1532415.91
1809,1535428.44
1810,1537863.16
1811,1517163.61
1812,1508149.42
1813,1516294.47
1814,1515154.18
1815,1529440.50
1816,1545279.49
1817,1537500.01
1818,1570863.81
1819,1574285.49
1820,1580884.33
1821,1510064.43
1822,1514728.89
1823,1505819.61
1824,1514059.08
1825,1524243.42
1826,1525943.77
1827,1525421.64
1828,1519600.75
1829,1510489.72
1830,1503831.97
1831,1509741.63
1832,1511097.39
1833,1481615.26
1834,1460304.81
1835,1459602.72
1836,1460377.44
1837,1442219.94
1838,1442195.73
1839,1435826.08
1840,1461989.02
1841,1477596.40
1842,1485047.43
1843,1483828.86
1844,1481517.61
1845,1504558.27
1846,1509480.97
1847,1480641.21
1848,1482473.10
1849,1484466.39
1850,1483578.69
1851,1475000.28
1852,1495164.79
1853,1504961.77
1854,1520415.82
1855,1518231.27
1856,1519955.83
1857,1516727.83
1858,1504760.02
1859,1511525.10
1860,1516848.88
1861,1524090.09
1862,1514815.24
1863,1516472.01
1864,1529642.25
1865,1531891.36
1866,1544214.25
1867,1567321.08
1868,1574132.16
1869,1553050.90
1870,1546949.98
1871,1492140.96
1872,1489039.66
1873,1491065.23
1874,1500402.22
1875,1491944.86
1876,1490728.71
1877,1475169.75
1878,1461327.28
1879,1483003.30
1880,1485908.50
1881,1509335.71
1882,1509025.82
1883,1497539.79
1884,1498785.80
1885,1497698.77
1886,1494349.72
1887,1485127.32
1888,1488321.43
1889,1490962.74
1890,1498103.88
1891,1499466.10
1892,1482309.28
1893,1480614.58
1894,1449585.43
1895,1464331.74
1896,1467428.20
1897,1477510.05
1898,1482075.25
1899,1486828.48
1900,1474513.66
1901,1472078.94
1902,1469749.94
1903,1468001.17
1904,1443524.86
1905,1435309.60
1906,1429951.93
1907,1439597.19
1908,1439397.86
1909,1461335.35
1910,1457598.94
1911,1455387.76
1912,1428603.43
1913,1399077.72
1914,1403836.60
1915,1392393.34
1916,1401682.72
1917,1380666.82
1918,1367610.37
1919,1371809.19
1920,1378496.80
1921,1359830.08
1922,1385000.41
1923,1393748.29
1924,1390529.17
1925,1394050.11
1926,1392659.65
1927,1397003.73
1928,1397784.10
1929,1411340.89
1930,1400632.00
1931,1408495.41
1932,1403032.02
1933,1403927.79
1934,1394120.32
1935,1400134.89
1936,1394259.93
1937,1397964.06
1938,1397324.11
1939,1381864.41
1940,1360511.19
1941,1378232.91
1942,1395540.64
1943,1394865.18
1944,1395946.56
1945,1407121.09
1946,1401934.50
1947,1415917.39
1948,1407018.60
1949,1405929.15
1950,1398012.48
1951,1409856.82
1952,1401781.17
1953,1423817.92
1954,1433423.64
1955,1434171.73
1956,1430403.04
1957,1434303.27
1958,1447723.68
1959,1439314.74
1960,1434287.13
1961,1432656.99
1962,1436834.83
1963,1433130.70
1964,1439925.64
1965,1431260.88
1966,1427516.40
1967,1427965.90
1968,1446916.68
1969,1435715.52
1970,1441033.65
1971,1464807.87
1972,1477703.73
1973,1482172.09
1974,1482115.60
1975,1481601.54
1976,1467132.03
1977,1473128.04
1978,1487444.22
1979,1490928.04
1980,1508577.13
1981,1509505.18
1982,1506099.64
1983,1512638.76
1984,1518279.69
1985,1520327.05
1986,1515414.84
1987,1532232.72
1988,1530529.95
1989,1532006.76
1990,1535831.94
1991,1536719.64
1992,1540149.39
1993,1532722.57
1994,1539899.22
1995,1510185.48
1996,1526196.36
1997,1524977.79
1998,1532612.01
1999,1528276.00
2000,1524493.59
2001,1532265.00
2002,1515172.74
2003,1512377.29
2004,1506868.71
2005,1499627.50
2006,1468076.22
2007,1434141.87
2008,1423295.79
2009,1428218.49
2010,1439677.89
2011,1434787.47
2012,1434615.58
2013,1432939.44
2014,1437611.97
2015,1438338.27
2016,1435255.53
2017,1421810.91
2018,1427282.37
2019,1433165.40
2020,1442486.25
2021,1441784.16
2022,1445827.23
2023,1449305.40
2024,1455616.14
2025,1455938.94
2026,1459320.27
2027,1458133.98
2028,1458642.39
2029,1457795.04
2030,1474185.21
2031,1476727.26
2032,1462314.24
2033,1465574.52
2034,1462177.05
2035,1460780.94
2036,1454970.54
2037,1458674.67
2038,1454365.29
2039,1453154.79
2040,1451072.73
2041,1452840.06
2042,1460450.07
2043,1477316.37
2044,1463807.19
2045,1464143.71
2046,1462997.77
2047,1461918.81
2048,1462290.03
2049,1455742.84
2050,1422787.38
2051,1387607.83
2052,1397630.77
2053,1393937.13
2054,1414448.65
2055,1415330.70
2056,1436223.93
2057,1435868.85
2058,1442833.26
2059,1441735.74
2060,1442817.12
2061,1435989.90
2062,1437224.61
2063,1435675.17
2064,1456810.50
2065,1454373.36
2066,1446179.89
2067,1447683.33
2068,1466034.51
2069,1467817.98
2070,1461345.84
2071,1464654.54
2072,1463532.81
2073,1460595.33
2074,1475016.42
2075,1475177.82
2076,1471917.54
2077,1449450.66
2078,1445447.94
2079,1448688.85
2080,1442542.74
2081,1442728.35
2082,1447295.97
2083,1455914.73
2084,1448934.18
2085,1415693.85
2086,1415459.82
2087,1415884.30
2088,1424651.55
2089,1432677.97
2090,1426238.11
2091,1409512.23
2092,1412546.55
2093,1412199.54
2094,1413616.63
2095,1400737.72
2096,1395478.50
2097,1415048.25
2098,1420794.09
2099,1423182.81
2100,1427134.69
2101,1420092.00
2102,1423868.76
2103,1416702.60
2104,1417977.66
2105,1415774.55
2106,1415225.79
2107,1420955.49
2108,1446246.87
2109,1449192.42
2110,1426088.01
2111,1429490.32
2112,1423849.39
2113,1427653.59
2114,1437958.98
2115,1440538.15
2116,1446238.80
2117,1448401.56
2118,1459271.85
2119,1447723.68
2120,1450185.03
2121,1452578.59
2122,1439266.32
2123,1436821.11
2124,1446521.25
2125,1442534.67
2126,1434566.35
2127,1445904.70
2128,1467188.52
2129,1465675.40
2130,1472772.96
2131,1477054.10
2132,1492089.31
2133,1503188.79
2134,1505004.54
2135,1505803.47
2136,1503237.21
2137,1493512.86
2138,1506562.05
2139,1500969.54
2140,1489451.23
2141,1489211.55
2142,1460199.90
2143,1445504.43
2144,1444544.10
2145,1446965.10
2146,1447075.66
2147,1449302.98
2148,1442249.80
2149,1431285.09
2150,1438182.52
2151,1427885.20
2152,1439104.92
2153,1439094.43
2154,1437520.78
2155,1440565.59
2156,1439562.49
2157,1433802.93
2158,1438701.42
2159,1439355.09
2160,1441429.08
2161,1430687.91
2162,1436326.42
2163,1451903.94
2164,1451145.36
2165,1452953.04
2166,1446147.61
2167,1445292.19
2168,1455874.38
2169,1459737.49
2170,1458787.65
2171,1462900.12
2172,1458182.40
2173,1456614.40
2174,1465574.52
2175,1476444.81
2176,1475876.68
2177,1456245.60
2178,1464121.92
2179,1461208.65
2180,1445956.35
2181,1449612.06
2182,1448998.74
2183,1453873.02
2184,1469609.52
2185,1473305.58
2186,1469722.50
2187,1467051.33
2188,1466123.28
2189,1468277.97
2190,1464420.51
2191,1483995.10
2192,1484313.06
2193,1480697.70
2194,1480915.59
2195,1488130.17
2196,1492859.19
2197,1470610.20
2198,1450701.51
2199,1445754.60
2200,1444447.26
2201,1451177.64
2202,1453461.45
2203,1459253.29
2204,1457520.66
2205,1459094.31
2206,1461011.74
2207,1470650.55
2208,1473846.27
2209,1479228.96
2210,1474548.36
2211,1499718.69
2212,1500934.03
2213,1510250.04
2214,1495643.34
2215,1509313.92
2216,1533596.55
2217,1531893.78
2218,1537534.71
2219,1541319.54
2220,1532200.44
2221,1542267.77
2222,1538858.19
2223,1524437.10
2224,1541795.67
2225,1538680.65
2226,1567740.72
2227,1556830.08
2228,1561784.25
2229,1590062.34
2230,1605201.66
2231,1613271.66
2232,1649618.94
2233,1606105.50
2234,1610495.58
2235,1604911.14
2236,1593500.16
2237,1575705.81
2238,1548102.38
2239,1555401.69
2240,1569023.85
2241,1550801.79
2242,1548977.97
2243,1562333.82
2244,1549466.21
2245,1570791.18
2246,1581433.09
2247,1580249.22
2248,1579744.85
2249,1552996.83
2250,1546823.28
2251,1561099.11
2252,1563291.73
2253,1553690.85
2254,1553529.45
2255,1559057.40
2256,1550253.03
2257,1552766.03
2258,1560203.34
2259,1571735.37
2260,1569669.45
2261,1576173.87
2262,1586761.71
2263,1595884.04
2264,1592781.93
2265,1603598.96
2266,1595880.81
2267,1573736.73
2268,1579421.24
2269,1574729.34
2270,1558476.36
2271,1559928.96
2272,1533096.21
2273,1538902.58
2274,1522004.00
2275,1530005.40
2276,1530263.64
2277,1531369.23
2278,1503915.09
2279,1508095.35
2280,1528702.90
2281,1512775.95
2282,1520095.44
2283,1518465.30
2284,1497028.96
2285,1479999.65
2286,1496543.15
2287,1470142.14
2288,1461612.15
2289,1463548.95
2290,1474181.98
2291,1464638.40
2292,1465856.97
2293,1486843.81
2294,1489905.57
2295,1490292.93
2296,1496377.71
2297,1507342.42
2298,1496498.76
2299,1495465.80
2300,1495635.27
2301,1493145.68
2302,1495247.91
2303,1482311.70
2304,1490007.25
2305,1509257.43
2306,1493617.77
2307,1494521.61
2308,1484700.42
2309,1496135.61
2310,1495477.91
2311,1490757.76
2312,1510322.67
2313,1515039.59
2314,1469843.55
2315,1461688.82
2316,1480197.36
2317,1493856.64
2318,1484288.85
2319,1483917.63
2320,1484458.32
2321,1478274.28
2322,1482392.40
2323,1472724.54
2324,1473862.41
2325,1477953.90
2326,1471913.51
2327,1467761.49
2328,1468136.75
2329,1458182.40
2330,1461547.59
2331,1459389.67
2332,1460345.16
2333,1428271.75
2334,1404428.13
2335,1405888.80
2336,1406058.27
2337,1406050.20
2338,1399009.93
2339,1392645.93
2340,1398049.60
2341,1381578.73
2342,1378587.99
2343,1380505.42
2344,1378867.21
2345,1380274.62
2346,1368508.56
2347,1386850.06
2348,1393775.73
2349,1392145.59
2350,1387529.55
2351,1386670.90
2352,1403467.80
2353,1416468.57
2354,1425313.29
2355,1422391.95
2356,1430526.51
2357,1418009.94
2358,1423632.31
2359,1447559.05
2360,1432592.43
2361,1432366.47
2362,1444145.44
2363,1448127.18
2364,1446158.10
2365,1443979.20
2366,1454429.85
2367,1452200.11
2368,1435550.89
2369,1433213.82
2370,1424641.06
2371,1419406.05
2372,1409818.89
2373,1409044.17
2374,1400607.79
2375,1409310.48
2376,1413377.76
2377,1417692.79
2378,1402426.77
2379,1400260.78
2380,1404048.84
2381,1391015.79
2382,1379411.13
2383,1369888.53
2384,1381396.35
2385,1378746.97
2386,1383534.90
2387,1375017.82
2388,1385633.10
2389,1380815.31
2390,1385156.97
2391,1387091.35
2392,1392595.09
2393,1373960.65
2394,1370183.89
2395,1341915.49
2396,1351230.69
2397,1354418.34
2398,1352632.45
2399,1345083.77
2400,1345613.97
2401,1350187.24
2402,1326778.59
2403,1327042.48
2404,1313793.96
2405,1314770.43
2406,1336863.67
2407,1343610.19
2408,1339997.25
2409,1343311.60
2410,1373035.83
2411,1392812.17
2412,1387021.14
2413,1381837.78
2414,1367822.61
2415,1369525.38
2416,1348083.39
2417,1343206.69
2418,1351666.47
2419,1342714.42
2420,1326794.73
2421,1329845.19
2422,1332403.38
2423,1330344.72
2424,1313398.53
2425,1313245.20
2426,1337834.49
2427,1340941.44
2428,1333226.52
2429,1334041.59
2430,1345952.91
2431,1341409.50
2432,1327504.89
2433,1326592.98
2434,1317619.14
2435,1329272.22
2436,1318692.45
2437,1315472.52
2438,1357081.44
2439,1350124.29
2440,1351246.75
2441,1381468.17
2442,1377417.84
2443,1414321.95
2444,1429751.79
2445,1423416.84
2446,1428218.49
2447,1437377.94
2448,1431801.57
2449,1420697.25
2450,1412966.19
2451,1414385.70
2452,1403249.91
2453,1405380.39
2454,1414418.79
2455,1416847.05
2456,1416209.52
2457,1413223.62
2458,1405469.16
2459,1411616.08
2460,1431406.14
2461,1454688.09
2462,1450774.14
2463,1452016.92
2464,1428104.70
2465,1429428.99
2466,1442397.48
2467,1444180.95
2468,1449280.38
2469,1448837.34
2470,1438400.41
2471,1460722.03
2472,1459108.03
2473,1434010.33
2474,1447021.59
2475,1445703.76
2476,1442604.88
2477,1466822.95
2478,1464974.92
2479,1447680.91
2480,1451540.79
2481,1454354.80
2482,1462949.35
2483,1457590.87
2484,1465015.27
2485,1471929.65
2486,1476636.07
2487,1482327.84
2488,1497095.94
2489,1479404.08
2490,1505932.59
2491,1509150.10
2492,1509819.91
2493,1515267.16
2494,1515008.92
2495,1532044.69
2496,1549349.19
2497,1547288.92
2498,1548095.92
2499,1540601.31
2500,1539178.57
2501,1559176.03
2502,1554110.49
2503,1555617.16
2504,1558893.58
2505,1563493.48
2506,1572572.23
2507,1558433.59
2508,1555966.59
2509,1556997.13
2510,1551436.90
2511,1555643.79
2512,1576453.90
2513,1545820.18
2514,1505085.24
2515,1505792.98
2516,1508230.12
2517,1511797.06
2518,1513402.99
2519,1503275.14
2520,1505206.29
2521,1503511.59
2522,1496859.49
2523,1497238.78
2524,1482317.35
2525,1480638.79
2526,1486806.69
2527,1484141.17
2528,1486626.73
2529,1481591.05
2530,1473214.39
2531,1471648.81
2532,1461601.66
2533,1462376.38
2534,1466798.74
2535,1473488.77
2536,1482430.33
2537,1483471.36
2538,1498023.99
2539,1495164.79
2540,1490322.79
2541,1464184.06
2542,1465241.23
2543,1478346.91
2544,1507425.54
2545,1515678.73
2546,1543383.04
2547,1536082.11
2548,1550726.74
2549,1550855.86
2550,1604547.99
2551,1595749.27
2552,1595450.68
2553,1568424.25
2554,1589825.89
2555,1607297.44
2556,1596631.32
2557,1594756.66
2558,1580529.25
2559,1591665.85
2560,1584653.02
2561,1596951.70
2562,1589174.64
2563,1579689.97
2564,1602167.34
2565,1631951.29
2566,1630668.16
2567,1619621.14
2568,1618718.91
2569,1608160.93
2570,1618119.31
2571,1628981.53
2572,1646412.73
2573,1617217.89
2574,1616626.36
2575,1609476.34
2576,1618920.66
2577,1609258.45
2578,1618587.37
2579,1600069.14
2580,1601971.24
2581,1610307.55
2582,1614495.88
2583,1607604.10
2584,1603762.78
2585,1605960.24
2586,1603700.64
2587,1599332.35
2588,1627133.50
2589,1656193.57
2590,1654547.29
2591,1627547.49
2592,1627286.83
2593,1631491.30
2594,1643611.63
2595,1639749.33
2596,1627487.77
2597,1622301.99
2598,1622064.73
2599,1625971.42
2600,1606022.38
2601,1600373.38
2602,1580739.07
2603,1596195.54
2604,1598815.87
2605,1589898.52
2606,1594175.62
2607,1581885.01
2608,1566350.26
2609,1570645.92
2610,1568892.31
2611,1567054.77
2612,1580806.05
2613,1587154.72
2614,1595749.27
2615,1572219.57
2616,1573443.79
2617,1583079.37
2618,1584774.07
2619,1569529.84
2620,1586371.93
2621,1582758.99
2622,1582038.34
2623,1581997.99
2624,1569037.57
2625,1570159.30
2626,1580601.88
2627,1579982.91
2628,1579722.25
2629,1575969.70
2630,1563719.44
2631,1560935.29
2632,1545287.56
2633,1550148.12
2634,1554059.65
2635,1551687.07
2636,1546110.70
2637,1541359.89
2638,1540655.38
2639,1549462.17
2640,1548305.74
2641,1550767.09
2642,1554874.72
2643,1547224.36
2644,1542971.47
2645,1552932.27
2646,1553688.43
2647,1553656.15
2648,1560515.65
2649,1580246.80
2650,1582040.76
2651,1577876.64
2652,1576679.86
2653,1578366.49
2654,1596152.77
2655,1596394.87
2656,1591891.81
2657,1583267.40
2658,1582944.60
2659,1577551.42
2660,1586339.65
2661,1591706.20
2662,1571934.70
2663,1580876.26
2664,1580400.13
2665,1585193.71
2666,1575695.32
2667,1562718.76
2668,1562541.22
2669,1568047.38
2670,1569029.50
2671,1563235.24
2672,1554199.26
2673,1547038.75
2674,1543633.21
2675,1544491.05
